title,link,authors,publication
Hyper-heuristics: A Survey of the State of the Art,https://scholar.google.com/citations?view_op=view_citation&hl=en&user=DubfkQ8AAAAJ&pagesize=100&citation_for_view=DubfkQ8AAAAJ:V3AGJWp-ZtQC,"EK Burke, M Hyde, G Kendall, G Ochoa, E Ozcan, R Qu","Journal of the Operational Research Society, 2013"
A graph-based hyper-heuristic for educational timetabling problems,https://scholar.google.com/citations?view_op=view_citation&hl=en&user=DubfkQ8AAAAJ&pagesize=100&citation_for_view=DubfkQ8AAAAJ:u5HHmVD_uO8C,"EK Burke, B McCollum, A Meisels, S Petrovic, R Qu","European Journal of Operational Research 176 (1), 177-192, 2007"
A Survey of Deep Learning-based Object Detection,https://scholar.google.com/citations?view_op=view_citation&hl=en&user=DubfkQ8AAAAJ&pagesize=100&citation_for_view=DubfkQ8AAAAJ:LgRImbQfgY4C,"L Jiao, F Zhang, F Liu, S Yang, L Li, Z Feng, R Qu","IEEE Access 7, 128837-128868, 2019"
A survey of search methodologies and automated system development for examination timetabling,https://scholar.google.com/citations?view_op=view_citation&hl=en&user=DubfkQ8AAAAJ&pagesize=100&citation_for_view=DubfkQ8AAAAJ:d1gkVwhDpl0C,"R Qu, EK Burke, B McCollum, LTG Merlot, SY Lee","Journal of Scheduling 12 (1), 55-89, 2009"
Case-based heuristic selection for timetabling problems,https://scholar.google.com/citations?view_op=view_citation&hl=en&user=DubfkQ8AAAAJ&pagesize=100&citation_for_view=DubfkQ8AAAAJ:u-x6o8ySG0sC,"EK Burke, S Petrovic, R Qu","Journal of Scheduling 9 (2), 115-132, 2006"
Setting the research agenda in automated timetabling: The second international timetabling competition,https://scholar.google.com/citations?view_op=view_citation&hl=en&user=DubfkQ8AAAAJ&pagesize=100&citation_for_view=DubfkQ8AAAAJ:qjMakFHDy7sC,"B McCollum, A Schaerf, B Paechter, P McMullan, R Lewis, AJ Parkes, ...","INFORMS Journal on Computing 22 (1), 120-130, 2010"
A hybrid heuristic ordering and variable neighbourhood search for the nurse rostering problem,https://scholar.google.com/citations?view_op=view_citation&hl=en&user=DubfkQ8AAAAJ&pagesize=100&citation_for_view=DubfkQ8AAAAJ:2osOgNQ5qMEC,"EK Burke, T Curtois, G Post, R Qu, B Veltman","European Journal of Operational Research 188 (2), 330-341, 2008"
A hybrid model of integer programming and variable neighbourhood search for highly-constrained nurse rostering problems,https://scholar.google.com/citations?view_op=view_citation&hl=en&user=DubfkQ8AAAAJ&pagesize=100&citation_for_view=DubfkQ8AAAAJ:ufrVoPGSRksC,"EK Burke, J Li, R Qu","European Journal of Operational Research 203 (2), 484-493, 2010"
Personnel scheduling: Models and complexity,https://scholar.google.com/citations?view_op=view_citation&hl=en&user=DubfkQ8AAAAJ&pagesize=100&citation_for_view=DubfkQ8AAAAJ:4JMBOYKVnBMC,"P Brucker, R Qu, E Burke","European Journal of Operational Research 210 (3), 467-473, 2010"
Hybrid variable neighbourhood approaches to university exam timetabling,https://scholar.google.com/citations?view_op=view_citation&hl=en&user=DubfkQ8AAAAJ&pagesize=100&citation_for_view=DubfkQ8AAAAJ:Se3iqnhoufwC,"EK Burke, AJ Eckersley, B McCollum, S Petrovic, R Qu","European Journal of Operational Research 206 (1), 46-53, 2010"
Hybridizations within a graph-based hyper-heuristic framework for university timetabling problems,https://scholar.google.com/citations?view_op=view_citation&hl=en&user=DubfkQ8AAAAJ&pagesize=100&citation_for_view=DubfkQ8AAAAJ:zYLM7Y9cAGgC,"R Qu, EK Burke","Journal of the Operational Research Society 60 (9), 1273-1285, 2009"
Workforce scheduling and routing problems: literature survey and computational study,https://scholar.google.com/citations?view_op=view_citation&hl=en&user=DubfkQ8AAAAJ&pagesize=100&citation_for_view=DubfkQ8AAAAJ:uc_IGeMz5qoC,"JA Castillo-Salazar, D Landa-Silva, R Qu","Annals of Operations Research 239 (1), 39-67, 2016"
A learning-guided multi-objective evolutionary algorithm for constrained portfolio optimization,https://scholar.google.com/citations?view_op=view_citation&hl=en&user=DubfkQ8AAAAJ&pagesize=100&citation_for_view=DubfkQ8AAAAJ:zLWjf1WUPmwC,"K Lwin, R Qu, G Kendall","Applied Soft Computing 24, 757-772, 2014"
A scatter search methodology for the nurse rostering problem,https://scholar.google.com/citations?view_op=view_citation&hl=en&user=DubfkQ8AAAAJ&pagesize=100&citation_for_view=DubfkQ8AAAAJ:3fE2CSJIrl8C,"EK Burke, T Curtois, R Qu, GV Berghe","Journal of the Operational Research Society 61 (11), 1667-1679, 2010"
A shift sequence based approach for nurse scheduling and a new benchmark dataset,https://scholar.google.com/citations?view_op=view_citation&hl=en&user=DubfkQ8AAAAJ&pagesize=100&citation_for_view=DubfkQ8AAAAJ:UebtZRa9Y70C,"P Brucker, EK Burke, T Curtois, R Qu, G Vanden Berghe","Journal of Heuristics 16 (4), 559-573, 2010"
A Honey-bee Mating Optimization Algorithm for Educational Timetabling Problems,https://scholar.google.com/citations?view_op=view_citation&hl=en&user=DubfkQ8AAAAJ&pagesize=100&citation_for_view=DubfkQ8AAAAJ:NaGl4SEjCO4C,"NR Sabar, M Ayob, G Kendall, R Qu","European Journal of Operational Research 216 (3), 533-543, 2012"
Mean-VaR portfolio optimization: A nonparametric approach,https://scholar.google.com/citations?view_op=view_citation&hl=en&user=DubfkQ8AAAAJ&pagesize=100&citation_for_view=DubfkQ8AAAAJ:0N-VGjzr574C,"KT Lwin, R Qu, BL MacCarthy","European Journal of Operational Research 260 (2), 751-766, 2017"
A graph coloring constructive hyper-heuristic for examination timetabling problems,https://scholar.google.com/citations?view_op=view_citation&hl=en&user=DubfkQ8AAAAJ&pagesize=100&citation_for_view=DubfkQ8AAAAJ:RYcK_YlVTxYC,"NR Sabar, M Ayob, R Qu, G Kendall","Applied Intelligence 37 (1), 1-11, 2011"
Adaptive automated construction of hybrid heuristics for exam timetabling and graph colouring problems,https://scholar.google.com/citations?view_op=view_citation&hl=en&user=DubfkQ8AAAAJ&pagesize=100&citation_for_view=DubfkQ8AAAAJ:eQOLeE2rZwMC,"R Qu, EK Burke, B McCollum","European Journal of Operational Research 198 (2), 392-404, 2009"
Structured Cases in Case-Based Reasoning - Re-using and Adapting Cases for Time-tabling Problems,https://scholar.google.com/citations?view_op=view_citation&hl=en&user=DubfkQ8AAAAJ&pagesize=100&citation_for_view=DubfkQ8AAAAJ:9yKSN-GCB0IC,"EK Burke, B MacCarthy, S Petrovic, R Qu","Knowledge-Based Systems 13 (2), 159-165, 2000"
A Dynamic Multiarmed Bandit-Gene Expression Programming Hyper-Heuristic for Combinatorial Optimization Problems,https://scholar.google.com/citations?view_op=view_citation&hl=en&user=DubfkQ8AAAAJ&pagesize=100&citation_for_view=DubfkQ8AAAAJ:yB1At4FlUx8C,"NR Sabar, M Ayob, G Kendall, R Qu","IEEE Transactions on Cybernetics, 10.1109/TCYB.2014.2323936, 2014"
A new model for automated examination timetabling,https://scholar.google.com/citations?view_op=view_citation&hl=en&user=DubfkQ8AAAAJ&pagesize=100&citation_for_view=DubfkQ8AAAAJ:4DMP91E08xMC,"B McCollum, P McMullan, EK Burke, AJ Parkes, R Qu","Annals of Operations Research 194 (1), 291-315, 2012"
A harmony search algorithm for nurse rostering problems,https://scholar.google.com/citations?view_op=view_citation&hl=en&user=DubfkQ8AAAAJ&pagesize=100&citation_for_view=DubfkQ8AAAAJ:WqliGbK-hY8C,"M Hadwan, M Ayob, NR Sabar, R Qu","Information Sciences 233, 126–140, 2013"
The Automatic Design of Hyper-heuristic Framework with Gene Expression Programming,https://scholar.google.com/citations?view_op=view_citation&hl=en&user=DubfkQ8AAAAJ&pagesize=100&citation_for_view=DubfkQ8AAAAJ:-_dYPAW6P2MC,"NR Sabar, M Ayob, G Kendall, R Qu","IEEE Transactions on Evolutionary Computation, 2014"
Grammatical Evolution Hyper-heuristic for Combinatorial Optimization problems,https://scholar.google.com/citations?view_op=view_citation&hl=en&user=DubfkQ8AAAAJ&pagesize=100&citation_for_view=DubfkQ8AAAAJ:LjlpjdlvIbIC,"NR Sabar, M Ayob, G Kendall, R Qu","IEEE Transactions on Evolutionary Computation 17 (6), 840-861, 2013"
Multiple-retrieval case-based reasoning for course timetabling problems,https://scholar.google.com/citations?view_op=view_citation&hl=en&user=DubfkQ8AAAAJ&pagesize=100&citation_for_view=DubfkQ8AAAAJ:Tyk-4Ss8FVUC,"EK Burke, BL MacCarthy, S Petrovic, R Qu","Journal of the Operational Research Society 57 (2), 148-162, 2005"
Hybrid graph heuristics within a hyper-heuristic approach to exam timetabling problems,https://scholar.google.com/citations?view_op=view_citation&hl=en&user=DubfkQ8AAAAJ&pagesize=100&citation_for_view=DubfkQ8AAAAJ:UeHWp8X0CEIC,"E Burke, M Dror, S Petrovic, R Qu","The next wave in computing, optimization, and decision technologies, 79-91, 2005"
The falling tide algorithm: A new multi-objective approach for complex workforce scheduling,https://scholar.google.com/citations?view_op=view_citation&hl=en&user=DubfkQ8AAAAJ&pagesize=100&citation_for_view=DubfkQ8AAAAJ:ldfaerwXgEUC,"J Li, EK Burke, T Curtois, S Petrovic, R Qu","Omega 40 (3), 283-293, 2012"
Hyper-Heuristics: Theory and Applications,https://scholar.google.com/citations?view_op=view_citation&hl=en&user=DubfkQ8AAAAJ&pagesize=100&citation_for_view=DubfkQ8AAAAJ:6ZxmRoH8BuwC,"N Pillay, R Qu","ISBN 978-3-319-96513-0; eBook ISBN 978-3, 2018"
Analyzing the landscape of a graph based hyper-heuristic for timetabling problems,https://scholar.google.com/citations?view_op=view_citation&hl=en&user=DubfkQ8AAAAJ&pagesize=100&citation_for_view=DubfkQ8AAAAJ:4TOpqqG69KYC,"G Ochoa, R Qu, EK Burke","The Genetic and Evolutionary Computation Conference (GECCO'09), 341-348, 2009"
A Time Predefined Variable Depth Search for Nurse Rostering,https://scholar.google.com/citations?view_op=view_citation&hl=en&user=DubfkQ8AAAAJ&pagesize=100&citation_for_view=DubfkQ8AAAAJ:8k81kl-MbHgC,"EK Burke, T Curtois, R Qu, G Vanden Berghe","INFORMS Journal on Computing 25, 411-419, 2013"
A Constraint Programming based Column Generation Approach to Nurse Rostering Problems,https://scholar.google.com/citations?view_op=view_citation&hl=en&user=DubfkQ8AAAAJ&pagesize=100&citation_for_view=DubfkQ8AAAAJ:3s1wT3WcHBgC,"F He, R Qu","Computers & Operations Research 39 (12), 3331–3343, 2012"
A Pareto-based search methodology for multi-objective nurse scheduling,https://scholar.google.com/citations?view_op=view_citation&hl=en&user=DubfkQ8AAAAJ&pagesize=100&citation_for_view=DubfkQ8AAAAJ:IWHjjKOFINEC,"EK Burke, J Li, R Qu","Annals of Operations Research 196 (1), 91-109, 2012"
Good laboratory practice for optimization research,https://scholar.google.com/citations?view_op=view_citation&hl=en&user=DubfkQ8AAAAJ&pagesize=100&citation_for_view=DubfkQ8AAAAJ:VaXvl8Fpj5cC,"G Kendall, R Bai, J Błazewicz, P De Causmaecker, M Gendreau, R John, ...","Journal of the Operational Research Society 67 (4), 676-689, 2016"
A modified ant colony optimization algorithm for network coding resource minimization,https://scholar.google.com/citations?view_op=view_citation&hl=en&user=DubfkQ8AAAAJ&pagesize=100&citation_for_view=DubfkQ8AAAAJ:MLfJN-KU85MC,"Z Wang, H Xing, T Li, Y Yang, R Qu, Y Pan","IEEE Transactions on evolutionary computation 20 (3), 325-342, 2015"
Case-based reasoning in course timetabling: an attribute graph approach,https://scholar.google.com/citations?view_op=view_citation&hl=en&user=DubfkQ8AAAAJ&pagesize=100&citation_for_view=DubfkQ8AAAAJ:IjCSPb-OGe4C,"E Burke, B MacCarthy, S Petrovic, R Qu","Lecture Notes in Artificial Intelligence: Case-Based Reasoning Research and …, 2001"
A hybrid constraint programming approach for nurse rostering problems,https://scholar.google.com/citations?view_op=view_citation&hl=en&user=DubfkQ8AAAAJ&pagesize=100&citation_for_view=DubfkQ8AAAAJ:9ZlFYXVOiuMC,"R Qu, F He","International Conference on Innovative Techniques and Applications of …, 2008"
The second international timetabling competition: Examination timetabling track,https://scholar.google.com/citations?view_op=view_citation&hl=en&user=DubfkQ8AAAAJ&pagesize=100&citation_for_view=DubfkQ8AAAAJ:08ZZubdj9fEC,"B McCollum, P McMullan, EK Burke, AJ Parkes, R Qu","Technical Report QUB/IEEE/Tech/ITC2007/-Exam/v4. 0/17, Queen’s University …, 2007"
A survey of search methodologies and automated approaches for examination timetabling,https://scholar.google.com/citations?view_op=view_citation&hl=en&user=DubfkQ8AAAAJ&pagesize=100&citation_for_view=DubfkQ8AAAAJ:fQNAKQ3IYiAC,"R Qu, EK Burke, B McCollum, LTG Merlot, SY Lee","Computer Science Technical Report No. NOTTCS-TR-2006-4, 2006"
A hybrid algorithm for constrained portfolio selection problems,https://scholar.google.com/citations?view_op=view_citation&hl=en&user=DubfkQ8AAAAJ&pagesize=100&citation_for_view=DubfkQ8AAAAJ:SdhP9T11ey4C,"K Lwin, R Qu","Applied intelligence 39 (2), 251-266, 2013"
Knowledge discovery in a hyper-heuristic for course timetabling using case-based reasoning,https://scholar.google.com/citations?view_op=view_citation&hl=en&user=DubfkQ8AAAAJ&pagesize=100&citation_for_view=DubfkQ8AAAAJ:YsMSGLbcyi4C,"EK Burke, BL MacCarthy, S Petrovic, R Qu","Practice and Theory of Automated Timetabling IV (PATAT'2003), 276-287, 2003"
Hybrid multi-objective evolutionary algorithms based on decomposition for wireless sensor network coverage optimization,https://scholar.google.com/citations?view_op=view_citation&hl=en&user=DubfkQ8AAAAJ&pagesize=100&citation_for_view=DubfkQ8AAAAJ:NXb4pA-qfm4C,"Y Xu, O Ding, R Qu, K Li","Applied Soft Computing 68, 268-282, 2018"
Case-based reasoning as a heuristic selector in a hyper-heuristic for course timetabling problems,https://scholar.google.com/citations?view_op=view_citation&hl=en&user=DubfkQ8AAAAJ&pagesize=100&citation_for_view=DubfkQ8AAAAJ:K3LRdlH-MEoC,"S Petrovic, R Qu","Knowledge-Based Intelligent Information Engineering Systems and Allied …, 2002"
A nondominated sorting genetic algorithm for bi-objective network coding based multicast routing problems.,https://scholar.google.com/citations?view_op=view_citation&hl=en&user=DubfkQ8AAAAJ&pagesize=100&citation_for_view=DubfkQ8AAAAJ:9vf0nzSNQJEC,"H Xing, R Qu","Inf. Sci. 233, 36-53, 2013"
A compact genetic algorithm for the network coding based resource minimization problem,https://scholar.google.com/citations?view_op=view_citation&hl=en&user=DubfkQ8AAAAJ&pagesize=100&citation_for_view=DubfkQ8AAAAJ:yD5IFk8b50cC,"H Xing, R Qu","Applied Intelligence 36 (4), 809-823, 2012"
Hybrid variable neighborhood hyperheuristics for exam timetabling problems,https://scholar.google.com/citations?view_op=view_citation&hl=en&user=DubfkQ8AAAAJ&pagesize=100&citation_for_view=DubfkQ8AAAAJ:0EnyYjriUFMC,"R Qu, E Burke","MIC2005, 2005"
Particle swarm optimization for the Steiner tree in graph and delay-constrained multicast routing problems,https://scholar.google.com/citations?view_op=view_citation&hl=en&user=DubfkQ8AAAAJ&pagesize=100&citation_for_view=DubfkQ8AAAAJ:VOx2b1Wkg3QC,"R Qu, Y Xu, JP Castro, D Landa-Silva","Journal of Heuristics 19 (2), 317-342, 2013"
A hybrid scatter search meta-heuristic for delay-constrained multicast routing problems,https://scholar.google.com/citations?view_op=view_citation&hl=en&user=DubfkQ8AAAAJ&pagesize=100&citation_for_view=DubfkQ8AAAAJ:aqlVkmm33-oC,"Y Xu, R Qu","Applied Intelligence 36 (1), 229-241, 2012"
Adaptive selection of heuristics for improving exam timetables,https://scholar.google.com/citations?view_op=view_citation&hl=en&user=DubfkQ8AAAAJ&pagesize=100&citation_for_view=DubfkQ8AAAAJ:1qzjygNMrQYC,"EK Burke, R Qu, A Soghier","Annals of Operations Research, 2013"
Tabu assisted guided local search approaches for freight service network design,https://scholar.google.com/citations?view_op=view_citation&hl=en&user=DubfkQ8AAAAJ&pagesize=100&citation_for_view=DubfkQ8AAAAJ:D_sINldO8mEC,"R Bai, G Kendall, R Qu, J Atkin","Information Sciences 189, 266–281, 2012"
A Survey on Workforce Scheduling and Routing Problems,https://scholar.google.com/citations?view_op=view_citation&hl=en&user=DubfkQ8AAAAJ&pagesize=100&citation_for_view=DubfkQ8AAAAJ:umqufdRvDiIC,"JA Castillo-Salazar, D Landa-Silva, R Qu","The 9th International Conference on the Practice and Theory of Automated …, 2012"
Supply chain coordination with dual procurement sources via real-option contract,https://scholar.google.com/citations?view_op=view_citation&hl=en&user=DubfkQ8AAAAJ&pagesize=100&citation_for_view=DubfkQ8AAAAJ:tYavs44e6CUC,"M Luo, G Li, CLJ Wan, R Qu, P Ji","Computers & Industrial Engineering 80, 274-283, 2015"
Solving multi-objective multicast routing problems by evolutionary multi-objective simulated annealing algorithms with variable neighbourhoods,https://scholar.google.com/citations?view_op=view_citation&hl=en&user=DubfkQ8AAAAJ&pagesize=100&citation_for_view=DubfkQ8AAAAJ:dhFuZR0502QC,"Y Xu, R Qu","Journal of the Operational Research Society 62 (2), 313-325, 2010"
Linear combinations of heuristics for examination timetabling,https://scholar.google.com/citations?view_op=view_citation&hl=en&user=DubfkQ8AAAAJ&pagesize=100&citation_for_view=DubfkQ8AAAAJ:mB3voiENLucC,"EK Burke, N Pham, R Qu, J Yellen","Annals of Operations Research 194 (1), 89-109, 2012"
Hybridising heuristics within an estimation distribution algorithm for examination timetabling,https://scholar.google.com/citations?view_op=view_citation&hl=en&user=DubfkQ8AAAAJ&pagesize=100&citation_for_view=DubfkQ8AAAAJ:AvfA0Oy_GE0C,"R Qu, N Pham, R Bai, G Kendall","Applied Intelligence 42 (4), 679-693, 2015"
Integrating neural networks and logistic regression to underpin hyper-heuristic search,https://scholar.google.com/citations?view_op=view_citation&hl=en&user=DubfkQ8AAAAJ&pagesize=100&citation_for_view=DubfkQ8AAAAJ:nb7KW1ujOQ8C,"J Li, EK Burke, R Qu","Knowledge-Based Systems 24 (2), 322-330, 2011"
"A Decomposition, Construction and Post-processing Approach for a Specific Nurse Rostering Problem",https://scholar.google.com/citations?view_op=view_citation&hl=en&user=DubfkQ8AAAAJ&pagesize=100&citation_for_view=DubfkQ8AAAAJ:hqOjcs7Dif8C,"P Brucker, R Qu, E Burke, G Post","Proceedings of the 2nd Multidisciplinary International Scheduling: Theory …, 2005"
Adaptive decomposition and construction for examination timetabling problems,https://scholar.google.com/citations?view_op=view_citation&hl=en&user=DubfkQ8AAAAJ&pagesize=100&citation_for_view=DubfkQ8AAAAJ:MXK_kJrjxJIC,"R Qu, EK Burke","Proceedings of the 3rd Multidisciplinary International Scheduling: Theory …, 2007"
A simulated annealing based genetic local search algorithm for multi-objective multicast routing problems,https://scholar.google.com/citations?view_op=view_citation&hl=en&user=DubfkQ8AAAAJ&pagesize=100&citation_for_view=DubfkQ8AAAAJ:eq2jaN3J8jMC,"Y Xu, R Qu, R Li","Annals of Operations Research 260, 527–555, 2013"
Roulette wheel graph colouring for solving examination timetabling problems,https://scholar.google.com/citations?view_op=view_citation&hl=en&user=DubfkQ8AAAAJ&pagesize=100&citation_for_view=DubfkQ8AAAAJ:L8Ckcad2t8MC,"NR Sabar, M Ayob, G Kendall, R Qu","International conference on combinatorial optimization and applications, 463-470, 2009"
Adaptive selection of heuristics for assigning time slots and rooms in exam timetables,https://scholar.google.com/citations?view_op=view_citation&hl=en&user=DubfkQ8AAAAJ&pagesize=100&citation_for_view=DubfkQ8AAAAJ:VL0QpB8kHFEC,"A Soghier, R Qu","Applied Intelligence 39 (2), 438-450, 2013"
A Variable Neighborhood Descent Search Algorithm for Delay-Constrained Least-Cost Multicast Routing,https://scholar.google.com/citations?view_op=view_citation&hl=en&user=DubfkQ8AAAAJ&pagesize=100&citation_for_view=DubfkQ8AAAAJ:kRWSkSYxWN8C,"R Qu, Y Xu, G Kendall","LION 2009: Learning and Intelligent Optimization (LION 3), 2009"
Solving a practical examination timetabling problem: a case study,https://scholar.google.com/citations?view_op=view_citation&hl=en&user=DubfkQ8AAAAJ&pagesize=100&citation_for_view=DubfkQ8AAAAJ:_kc_bZDykSQC,"M Ayob, AMA Malik, S Abdullah, AR Hamdan, G Kendall, R Qu","International Conference on Computational Science and Its Applications, 611-624, 2007"
Knowledge discovery in hyper-heuristic using case-based reasoning on course timetabling,https://scholar.google.com/citations?view_op=view_citation&hl=en&user=DubfkQ8AAAAJ&pagesize=100&citation_for_view=DubfkQ8AAAAJ:tS2w5q8j5-wC,"E Burke, B MacCarthy, S Petrovic, R Qu","Lecture Notes in Computer Science 2740, Proceedings of PATAT'02, 90-103, 2002"
Case-Based Reasoning for Course Timetabling Problems,https://scholar.google.com/citations?view_op=view_citation&hl=en&user=DubfkQ8AAAAJ&pagesize=100&citation_for_view=DubfkQ8AAAAJ:qxL8FJ1GzNcC,R Qu,"PhD Thesis, 2002"
An improved MOEA/D algorithm for multi-objective multicast routing with network coding,https://scholar.google.com/citations?view_op=view_citation&hl=en&user=DubfkQ8AAAAJ&pagesize=100&citation_for_view=DubfkQ8AAAAJ:hCrLmN-GePgC,"H Xing, Z Wang, T Li, H Li, R Qu","Applied Soft Computing 59, 88-103, 2017"
Case Based Heuristic Selection for Examination Timetabling,https://scholar.google.com/citations?view_op=view_citation&hl=en&user=DubfkQ8AAAAJ&pagesize=100&citation_for_view=DubfkQ8AAAAJ:WZBGuue-350C,"E Burke, S Petrovic, R Qu","Proceedings of Asia-Pacific Conference on Simulated Evolution and Learning …, 2005"
Computational results on new staff scheduling benchmark instances,https://scholar.google.com/citations?view_op=view_citation&hl=en&user=DubfkQ8AAAAJ&pagesize=100&citation_for_view=DubfkQ8AAAAJ:LI9QrySNdTsC,"T Curtois, R Qu","tech. report, 2014"
A population based incremental learning for network coding resources minimization,https://scholar.google.com/citations?view_op=view_citation&hl=en&user=DubfkQ8AAAAJ&pagesize=100&citation_for_view=DubfkQ8AAAAJ:BqipwSGYUEgC,"H Xing, R Qu","Communications Letters, IEEE 15 (7), 698-700, 2011"
Multi-objective ant colony optimization algorithm based on decomposition for community detection in complex networks,https://scholar.google.com/citations?view_op=view_citation&hl=en&user=DubfkQ8AAAAJ&pagesize=100&citation_for_view=DubfkQ8AAAAJ:GFxP56DSvIMC,"C Mu, J Zhang, Y Liu, R Qu, T Huang","Soft Computing 23 (23), 12683-12709, 2019"
A unified framework of graph-based evolutionary multitasking hyper-heuristic,https://scholar.google.com/citations?view_op=view_citation&hl=en&user=DubfkQ8AAAAJ&pagesize=100&citation_for_view=DubfkQ8AAAAJ:4xDN1ZYqzskC,"X Hao, R Qu, J Liu","IEEE Transactions on Evolutionary Computation 25 (1), 35-47, 2020"
A GRASP approach for the Delay-constrained Multicast routing problem,https://scholar.google.com/citations?view_op=view_citation&hl=en&user=DubfkQ8AAAAJ&pagesize=100&citation_for_view=DubfkQ8AAAAJ:KlAtU1dfN6UC,"Y Xu, R Qu","The 4th Multidisciplinary International Scheduling: Theory and Applications …, 2009"
Analysing Similarity in Exam Timetabling,https://scholar.google.com/citations?view_op=view_citation&hl=en&user=DubfkQ8AAAAJ&pagesize=100&citation_for_view=DubfkQ8AAAAJ:M3ejUd6NZC8C,"E Burke, A Eckersley, B McCollum, S Petrovic, R Qu","Proceedings of the 5th International Series of Conferences on the Practice …, 2004"
A Survey on Cyber Security of CAV,https://scholar.google.com/citations?view_op=view_citation&hl=en&user=DubfkQ8AAAAJ&pagesize=100&citation_for_view=DubfkQ8AAAAJ:a9-T7VOCCH8C,"Q He, X Meng, R Qu","2017 Forum on Cooperative Positioning and Service (CPGPS 2017), 351-354, 2017"
Integrating human factors and operational research in a multidisciplinary investigation of road maintenance,https://scholar.google.com/citations?view_op=view_citation&hl=en&user=DubfkQ8AAAAJ&pagesize=100&citation_for_view=DubfkQ8AAAAJ:dshw04ExmUIC,"B Ryan, R Qu, A Schock, T Parry","Ergonomics 54 (5), 436-452, 2011"
A PBIL for load balancing in network coding based multicasting,https://scholar.google.com/citations?view_op=view_citation&hl=en&user=DubfkQ8AAAAJ&pagesize=100&citation_for_view=DubfkQ8AAAAJ:foquWX3nUaYC,"H Xing, Y Xu, R Qu, L Xu","International Conference on Computational Science and Its Applications, 34-44, 2016"
A two-stage stochastic mixed-integer program modelling and hybrid solution approach to portfolio selection problems,https://scholar.google.com/citations?view_op=view_citation&hl=en&user=DubfkQ8AAAAJ&pagesize=100&citation_for_view=DubfkQ8AAAAJ:ipzZ9siozwsC,"F He, R Qu","Information Sciences 289, 190-205, 2014"
Using Simulated Annealing to study behaviour of various Exam Timetabling data sets,https://scholar.google.com/citations?view_op=view_citation&hl=en&user=DubfkQ8AAAAJ&pagesize=100&citation_for_view=DubfkQ8AAAAJ:ULOm3_A8WrAC,"E Burke, A Eckersley, B McCollum, P Sanja, R Qu","Proceedings of Metaheuristic International Conference 2003 (MIC 2003), 2003"
Similarity measures for exam timetabling problems,https://scholar.google.com/citations?view_op=view_citation&hl=en&user=DubfkQ8AAAAJ&pagesize=100&citation_for_view=DubfkQ8AAAAJ:5nxA0vEk-isC,"E Burke, A Eckersley, B McCollum, S Petrovic, R Qu","Proceedings of the 1st Multidisciplinary International Scheduling: Theory …, 2003"
Machine learning-based detection for cyber security attacks on connected and autonomous vehicles,https://scholar.google.com/citations?view_op=view_citation&hl=en&user=DubfkQ8AAAAJ&pagesize=100&citation_for_view=DubfkQ8AAAAJ:CaZNVDsoPx4C,"Q He, X Meng, R Qu, R Xi","Mathematics 8 (8), 1311, 2020"
A pattern recognition based intelligent search method and two assignment problem case studies,https://scholar.google.com/citations?view_op=view_citation&hl=en&user=DubfkQ8AAAAJ&pagesize=100&citation_for_view=DubfkQ8AAAAJ:j3f4tGmQtD8C,"J Li, EK Burke, R Qu","Applied Intelligence 36 (2), 442-453, 2012"
Adaptive selection of heuristics for improving constructed exam timetables,https://scholar.google.com/citations?view_op=view_citation&hl=en&user=DubfkQ8AAAAJ&pagesize=100&citation_for_view=DubfkQ8AAAAJ:e5wmG9Sq2KIC,"EK Burke, R Qu, A Soghier","The 8th International Conference on the Practice and Theory of Automated …, 2010"
Hybridizing Integer Programming Models with an Adaptive Decomposition Approach for Exam Timetabling Problems,https://scholar.google.com/citations?view_op=view_citation&hl=en&user=DubfkQ8AAAAJ&pagesize=100&citation_for_view=DubfkQ8AAAAJ:hC7cP41nSMkC,"R Qu, F He, EK Burke","The 4th Multidisciplinary International Scheduling: Theory and Applications …, 2009"
On Minimizing Coding Operations in Network Coding Based Multicast: An Evolutionary Algorithm,https://scholar.google.com/citations?view_op=view_citation&hl=en&user=DubfkQ8AAAAJ&pagesize=100&citation_for_view=DubfkQ8AAAAJ:fEOibwPWpKIC,"H Xing, R Qu, L Bai, Y Ji","Applied Intelligence 41 (3), 820-836, 2014"
A population based incremental learning for delay constrained network coding resource minimization,https://scholar.google.com/citations?view_op=view_citation&hl=en&user=DubfkQ8AAAAJ&pagesize=100&citation_for_view=DubfkQ8AAAAJ:TQgYirikUcIC,"H Xing, R Qu","Applications of Evolutionary Computation (EvoApps'2011), 51-60, 2011"
Problem model for nurse rostering benchmark instances,https://scholar.google.com/citations?view_op=view_citation&hl=en&user=DubfkQ8AAAAJ&pagesize=100&citation_for_view=DubfkQ8AAAAJ:HDshCWvjkbEC,"EK Burke, T Curtois, R Qu, G Vanden Berghe","technical report, School of Computer Science, University of Nottingham, 2009"
Examination timetabling: a new formulation,https://scholar.google.com/citations?view_op=view_citation&hl=en&user=DubfkQ8AAAAJ&pagesize=100&citation_for_view=DubfkQ8AAAAJ:YOwf2qJgpHMC,"EK Burke, B McCollum, P McMullan, R Qu","PATAT'2006, 373-375, 2006"
Constrained portfolio optimisation: the state-of-the-art Markowitz models,https://scholar.google.com/citations?view_op=view_citation&hl=en&user=DubfkQ8AAAAJ&pagesize=100&citation_for_view=DubfkQ8AAAAJ:S16KYo8Pm5AC,"Y Jin, R Qu, J Atkin","The 2016 International Conference on Operations Research and Enterprise …, 2016"
A greedy heuristic for workforce scheduling and routing with time-dependent activities constraints,https://scholar.google.com/citations?view_op=view_citation&hl=en&user=DubfkQ8AAAAJ&pagesize=100&citation_for_view=DubfkQ8AAAAJ:ILKRHgRFtOwC,"JA Castillo-Salazar, D Landa-Silva, R Qu","4th International Conference on Operations Research and Enterprise Systems …, 2015"
A population-based incremental learning method for constrained portfolio optimisation,https://scholar.google.com/citations?view_op=view_citation&hl=en&user=DubfkQ8AAAAJ&pagesize=100&citation_for_view=DubfkQ8AAAAJ:URolC5Kub84C,"Y Jin, R Qu, J Atkin","2014 16th International Symposium on Symbolic and Numeric Algorithms for …, 2014"
Granular Modelling Of Exam To Slot Allocation.,https://scholar.google.com/citations?view_op=view_citation&hl=en&user=DubfkQ8AAAAJ&pagesize=100&citation_for_view=DubfkQ8AAAAJ:-f6ydRqryjwC,"SKNA Rahim, A Bargiela, R Qu","The 23rd EUROPEAN Conference on Modelling and Simulation, 861-866, 2009"
A Multiobjective Computation Offloading Algorithm for Mobile Edge Computing,https://scholar.google.com/citations?view_op=view_citation&hl=en&user=DubfkQ8AAAAJ&pagesize=100&citation_for_view=DubfkQ8AAAAJ:jL-93Qbq4QoC,"H Xing, F Song, S Luo, D Zhan, P Dai, R Qu","IEEE Internet of Things Journal 7 (9), 8780-8799, 2020"
Search with evolutionary ruin and stochastic rebuild: A theoretic framework and a case study on exam timetabling,https://scholar.google.com/citations?view_op=view_citation&hl=en&user=DubfkQ8AAAAJ&pagesize=100&citation_for_view=DubfkQ8AAAAJ:BUYA1_V_uYcC,"J Li, R Bai, Y Shen, R Qu","European Journal of Operational Research 242 (3), 798-806, 2015"
A Variable Neighborhood Search Algorithm with Reinforcement Learning for a Real-life Periodic Vehicle Routing Problem with Time Windows and Open Routes,https://scholar.google.com/citations?view_op=view_citation&hl=en&user=DubfkQ8AAAAJ&pagesize=100&citation_for_view=DubfkQ8AAAAJ:5icHVeHT4IsC,"B Chen, R Qu, R Bai, W Laesanklang","RAIRO - Operations Research 54 (5), 1467-1494, 2020"
A constraint-directed local search approach to nurse rostering problems,https://scholar.google.com/citations?view_op=view_citation&hl=en&user=DubfkQ8AAAAJ&pagesize=100&citation_for_view=DubfkQ8AAAAJ:7PzlFSSx8tAC,"F He, R Qu","LSCS 2009, CP 2009, 2009"
Hierarchical Method for Nurse Rostering based on Granular Pre-processing of Constraints,https://scholar.google.com/citations?view_op=view_citation&hl=en&user=DubfkQ8AAAAJ&pagesize=100&citation_for_view=DubfkQ8AAAAJ:Tiz5es2fbqcC,"G Baskaran, A Bargiela, R Qu","The 23rd EUROPEAN Conference on Modelling and Simulation 2009, 2009"
Automated design of machine learning and search algorithms [guest editorial],https://scholar.google.com/citations?view_op=view_citation&hl=en&user=DubfkQ8AAAAJ&pagesize=100&citation_for_view=DubfkQ8AAAAJ:anf4URPfarAC,"N Pillay, R Qu, D Srinivasan, B Hammer, K Sorensen","IEEE Computational intelligence magazine 13 (2), 16-17, 2018"
Change detection in SAR images based on the salient map guidance and an accelerated genetic algorithm,https://scholar.google.com/citations?view_op=view_citation&hl=en&user=DubfkQ8AAAAJ&pagesize=100&citation_for_view=DubfkQ8AAAAJ:_axFR9aDTf0C,"C Mu, C Li, Y Liu, M Sun, L Jiao, R Qu","2017 IEEE Congress on Evolutionary Computation (CEC), 1150-1157, 2017"
A variable neighbourhood search algorithm with compound neighbourhoods for VRPTW,https://scholar.google.com/citations?view_op=view_citation&hl=en&user=DubfkQ8AAAAJ&pagesize=100&citation_for_view=DubfkQ8AAAAJ:i2xiXl-TujoC,"B Chen, R Qu, R Bai, H Ishibuchi","The 2016 International Conference on Operations Research and Enterprise …, 2016"
Price and service competition with maintenance service bundling,https://scholar.google.com/citations?view_op=view_citation&hl=en&user=DubfkQ8AAAAJ&pagesize=100&citation_for_view=DubfkQ8AAAAJ:WJVC3Jt7v1AC,"Y Wang, L Sun, R Qu, G Li","Journal of Systems Science and Systems Engineering 24 (2), 168-189, 2015"
A hyper-heuristic with two guidance indicators for bi-objective mixed-shift vehicle routing problem with time windows,https://scholar.google.com/citations?view_op=view_citation&hl=en&user=DubfkQ8AAAAJ&cstart=100&pagesize=100&citation_for_view=DubfkQ8AAAAJ:9c2xU6iGI7YC,"B Chen, R Qu, R Bai, W Laesanklang","Applied Intelligence 48 (12), 4937-4959, 2018"
Network Flow Models for Intraday Personnel Scheduling Problems,https://scholar.google.com/citations?view_op=view_citation&hl=en&user=DubfkQ8AAAAJ&cstart=100&pagesize=100&citation_for_view=DubfkQ8AAAAJ:D03iK_w7-QYC,"P Brucker, R Qu","Annals of OR 218 (1), 107-114, 2014"
A Study Of Cost Effective Scheduling Of Nurses Based On The Domain Transformation Method.,https://scholar.google.com/citations?view_op=view_citation&hl=en&user=DubfkQ8AAAAJ&cstart=100&pagesize=100&citation_for_view=DubfkQ8AAAAJ:uLbwQdceFCQC,"G Baskaran, A Bargiela, R Qu","The 27th European Conference on Modeling and Simulation (ECMS'13), 309-314, 2013"
Hill Climbing versus Genetic Algorithm Optimization in Solving the Examination Timetabling Problem.,https://scholar.google.com/citations?view_op=view_citation&hl=en&user=DubfkQ8AAAAJ&cstart=100&pagesize=100&citation_for_view=DubfkQ8AAAAJ:hMsQuOkrut0C,"SKNA Rahim, A Bargiela, R Qu","ICORES, 43-52, 2013"
An iterative local search approach based on fitness landscapes analysis for the delay-constrained multicast routing problem,https://scholar.google.com/citations?view_op=view_citation&hl=en&user=DubfkQ8AAAAJ&cstart=100&pagesize=100&citation_for_view=DubfkQ8AAAAJ:70eg2SAEIzsC,"Y Xu, R Qu","Computer Communications 35, 352-365, 2012"
The General Combinatorial Optimisation Problem - Towards Automated Algorithm Design,https://scholar.google.com/citations?view_op=view_citation&hl=en&user=DubfkQ8AAAAJ&cstart=100&pagesize=100&citation_for_view=DubfkQ8AAAAJ:6yz0xqPARnAC,"R Qu, G Kendall, P Nelishia","IEEE Computational Intelligence Magazine 15 (2), 14-23, 2020"
Accelerated genetic algorithm based on search-space decomposition for change detection in remote sensing images,https://scholar.google.com/citations?view_op=view_citation&hl=en&user=DubfkQ8AAAAJ&cstart=100&pagesize=100&citation_for_view=DubfkQ8AAAAJ:tH6gc1N1XXoC,"CH Mu, CZ Li, Y Liu, R Qu, LC Jiao","Applied Soft Computing 84, 105727, 2019"
A quantum inspired evolutionary algorithm for dynamic multicast routing with network coding,https://scholar.google.com/citations?view_op=view_citation&hl=en&user=DubfkQ8AAAAJ&cstart=100&pagesize=100&citation_for_view=DubfkQ8AAAAJ:XoXfffV-tXoC,"H Xing, L Xu, R Qu, Z Qu","The 16th IEEE International Symposium on Communications and Information …, 2016"
A hybrid genetic algorithm for a two-stage stochastic portfolio optimization with uncertain asset prices,https://scholar.google.com/citations?view_op=view_citation&hl=en&user=DubfkQ8AAAAJ&cstart=100&pagesize=100&citation_for_view=DubfkQ8AAAAJ:gsN89kCJA0AC,"T Cui, R Bai, AJ Parkes, F He, R Qu, J Li","2015 IEEE Congress on Evolutionary Computation (CEC), 2518-2525, 2015"
Computational study for workforce scheduling and routing problems,https://scholar.google.com/citations?view_op=view_citation&hl=en&user=DubfkQ8AAAAJ&cstart=100&pagesize=100&citation_for_view=DubfkQ8AAAAJ:j8SEvjWlNXcC,"JA Castillo-Salazar, D Landa-Silva, R Qu","The 3rd International Conference on Operations Research and Enterprise …, 2014"
A path-oriented encoding evolutionary algorithm for network coding resource minimization,https://scholar.google.com/citations?view_op=view_citation&hl=en&user=DubfkQ8AAAAJ&cstart=100&pagesize=100&citation_for_view=DubfkQ8AAAAJ:UHK10RUVsp4C,"H Xing, R Qu, G Kendall, R Bai","Journal of the Operational Research Society, 10.1057/jors.2013.79, 2014"
Domain transformation approach to deterministic optimization of examination timetables.,https://scholar.google.com/citations?view_op=view_citation&hl=en&user=DubfkQ8AAAAJ&cstart=100&pagesize=100&citation_for_view=DubfkQ8AAAAJ:JoZmwDi-zQgC,"A Rahim, SK Nor, A Bargiela, R Qu","Artificial Intelligence Research 2 (1), 122-138, 2013"
Adaptive construction of nurse schedules: A shift sequence based approach,https://scholar.google.com/citations?view_op=view_citation&hl=en&user=DubfkQ8AAAAJ&cstart=100&pagesize=100&citation_for_view=DubfkQ8AAAAJ:qUcmZB5y_30C,"P Brucker, EK Burke, T Curtois, R Qu, GV Berghe","Journal of Heuristics 16 (4), 559-573, 2010"
Assessing hyper-heuristic performance,https://scholar.google.com/citations?view_op=view_citation&hl=en&user=DubfkQ8AAAAJ&cstart=100&pagesize=100&citation_for_view=DubfkQ8AAAAJ:otzGkya1bYkC,"N Pillay, R Qu","Journal of the Operational Research Society 72 (11), 2503-2516, 2021"
Towards a Severity Assessment Method for Potential Cyber Attacks to Connected and Autonomous Vehicles,https://scholar.google.com/citations?view_op=view_citation&hl=en&user=DubfkQ8AAAAJ&cstart=100&pagesize=100&citation_for_view=DubfkQ8AAAAJ:lgwcVrK6X84C,"Q He, X Meng, R Qu","Journal of Advanced Transportation, 2020"
A hybrid combinatorial approach to a two-stage stochastic portfolio optimization model with uncertain asset prices,https://scholar.google.com/citations?view_op=view_citation&hl=en&user=DubfkQ8AAAAJ&cstart=100&pagesize=100&citation_for_view=DubfkQ8AAAAJ:F1b5ZUV5XREC,"T Cui, R Bai, S Ding, AJ Parkes, R Qu, F He, J Li","Soft Computing 24, 2809–2831, 2020"
Integer programming: Using branch and bound to solve the nurse scheduling problem,https://scholar.google.com/citations?view_op=view_citation&hl=en&user=DubfkQ8AAAAJ&cstart=100&pagesize=100&citation_for_view=DubfkQ8AAAAJ:b1wdh0AR-JQC,"G Baskaran, A Bargiela, R Qu","2014 International Conference on Artificial Intelligence and Manufacturing …, 2014"
Adaptive Selection of Heuristics within a GRASP for Exam Timetabling Problems,https://scholar.google.com/citations?view_op=view_citation&hl=en&user=DubfkQ8AAAAJ&cstart=100&pagesize=100&citation_for_view=DubfkQ8AAAAJ:738O_yMBCRsC,"EK Burke, R Qu, A Soghier","The 4th Multidisciplinary International Scheduling: Theory and Applications …, 2009"
An Enhanced Weighted Graph Model for Examination / Course Timetabling,https://scholar.google.com/citations?view_op=view_citation&hl=en&user=DubfkQ8AAAAJ&cstart=100&pagesize=100&citation_for_view=DubfkQ8AAAAJ:r0BpntZqJG4C,"JR Carrington, N Pham, R Qu, J Yellen","Proceedings of 26th Workshop of the UK Planning and Scheduling Special …, 2007"
Controlling understaffing with conditional Value-at-Risk constraint for an integrated nurse scheduling problem under patient demand uncertainty,https://scholar.google.com/citations?view_op=view_citation&hl=en&user=DubfkQ8AAAAJ&cstart=100&pagesize=100&citation_for_view=DubfkQ8AAAAJ:gVv57TyPmFsC,"F He, T Chaussalet, R Qu","Operations Research Perspectives 6, 100119, 2019"
A hybrid EDA for load balancing in multicast with network coding,https://scholar.google.com/citations?view_op=view_citation&hl=en&user=DubfkQ8AAAAJ&cstart=100&pagesize=100&citation_for_view=DubfkQ8AAAAJ:8xutWZnSdmoC,"H Xing, S Li, Y Cui, L Yan, W Pan, R Qu","Applied Soft Computing 59, 363-377, 2017"
An investigation on compound neighborhoods for VRPTW,https://scholar.google.com/citations?view_op=view_citation&hl=en&user=DubfkQ8AAAAJ&cstart=100&pagesize=100&citation_for_view=DubfkQ8AAAAJ:FPJr55Dyh1AC,"B Chen, R Qu, R Bai, H Ishibuchi","International Conference on Operations Research and Enterprise Systems, 3-19, 2016"
Multi-objective Scatter Search with External Archive for Portfolio Optimization.,https://scholar.google.com/citations?view_op=view_citation&hl=en&user=DubfkQ8AAAAJ&cstart=100&pagesize=100&citation_for_view=DubfkQ8AAAAJ:W5xh706n7nkC,"K Lwin, R Qu, J Zheng","The 6th International Conference on Evolutionary Computation Theory and …, 2013"
A hybrid pricing and cutting approach for the multi-shift full truckload vehicle routing problem,https://scholar.google.com/citations?view_op=view_citation&hl=en&user=DubfkQ8AAAAJ&cstart=100&pagesize=100&citation_for_view=DubfkQ8AAAAJ:jgBuDB5drN8C,"N Xue, R Bai, R Qu, U Aickelin","European Journal of Operational Research 292 (2), 500-514, 2021"
Fuzzy Superpixels based Semi-supervised Similarity-constrained CNN for PolSAR Image Classification,https://scholar.google.com/citations?view_op=view_citation&hl=en&user=DubfkQ8AAAAJ&cstart=100&pagesize=100&citation_for_view=DubfkQ8AAAAJ:QD3KBmkZPeQC,"Y Guo, Z Sun, R Qu, L Jiao, F Liu, X Zhang","Remote Sensoring 12 (10), 1694, 2020"
Nurse rostering problems,https://scholar.google.com/citations?view_op=view_citation&hl=en&user=DubfkQ8AAAAJ&cstart=100&pagesize=100&citation_for_view=DubfkQ8AAAAJ:r_AWSJRzSzQC,"N Pillay, R Qu","Hyper-Heuristics: Theory and Applications, 61-66, 2018"
A dynamic truck dispatching problem in marine container terminal,https://scholar.google.com/citations?view_op=view_citation&hl=en&user=DubfkQ8AAAAJ&cstart=100&pagesize=100&citation_for_view=DubfkQ8AAAAJ:ruyezt5ZtCIC,"J Chen, R Bai, H Dong, R Qu, G Kendall","2016 IEEE Symposium Series on Computational Intelligence (SSCI), 1-8, 2016"
Domain transformation using greedy algorithm in nurse scheduling,https://scholar.google.com/citations?view_op=view_citation&hl=en&user=DubfkQ8AAAAJ&cstart=100&pagesize=100&citation_for_view=DubfkQ8AAAAJ:L7CI7m0gUJcC,"G Baskaran, A Bargiela, R Qu","2015 International Conference on Artificial Intelligence, Energy and …, 2015"
A task based approach for a real-world commodity routing problem,https://scholar.google.com/citations?view_op=view_citation&hl=en&user=DubfkQ8AAAAJ&cstart=100&pagesize=100&citation_for_view=DubfkQ8AAAAJ:JQOojiI6XY0C,"J Chen, R Bai, R Qu, G Kendall","2013 IEEE Symposium on Computational Intelligence in Production and …, 2013"
From Simplified to Detailed Solutions to the Nurse Scheduling Problem,https://scholar.google.com/citations?view_op=view_citation&hl=en&user=DubfkQ8AAAAJ&cstart=100&pagesize=100&citation_for_view=DubfkQ8AAAAJ:DJbcl8HfkQkC,"G Baskaran, G Bargiela, R Qu","25th European Conference on Operational Research, EURO, Session TC 14, 134-135, 2012"
A data-driven genetic programming heuristic for real-world dynamic seaport container terminal truck dispatching,https://scholar.google.com/citations?view_op=view_citation&hl=en&user=DubfkQ8AAAAJ&cstart=100&pagesize=100&citation_for_view=DubfkQ8AAAAJ:48xauSegjOkC,"X Chen, R Bai, R Qu, H Dong, J Chen","2020 IEEE Congress on Evolutionary Computation (CEC), 1-8, 2020"
Examination Timetabling Problems,https://scholar.google.com/citations?view_op=view_citation&hl=en&user=DubfkQ8AAAAJ&cstart=100&pagesize=100&citation_for_view=DubfkQ8AAAAJ:yqoGN6RLRZoC,"N Pillay, R Qu","Hyper-Heuristics: Theory and Applications, 75-82, 2018"
Packing problems,https://scholar.google.com/citations?view_op=view_citation&hl=en&user=DubfkQ8AAAAJ&cstart=100&pagesize=100&citation_for_view=DubfkQ8AAAAJ:fFSKOagxvKUC,"N Pillay, R Qu","Hyper-Heuristics: Theory and Applications, 67-73, 2018"
An application programming interface with increased performance for optimisation problems data,https://scholar.google.com/citations?view_op=view_citation&hl=en&user=DubfkQ8AAAAJ&cstart=100&pagesize=100&citation_for_view=DubfkQ8AAAAJ:q3CdL3IzO_QC,"RL Pinheiro, D Landa-Silva, R Qu, AA Constantino, E Yanaga","Journal of Management Analytics 3 (4), 305-332, 2016"
New solution for a benchmark nurse scheduling problem using integer programming,https://scholar.google.com/citations?view_op=view_citation&hl=en&user=DubfkQ8AAAAJ&cstart=100&pagesize=100&citation_for_view=DubfkQ8AAAAJ:vbGhcppDl1QC,"G Baskaran, A Bargiela, R Qu","2014 International Conference on IT Convergence and Security (ICITCS), 1-4, 2014"
Simulation Of Scheduling And Cost Effectiveness Of Nurses Using Domain Transformation Method.,https://scholar.google.com/citations?view_op=view_citation&hl=en&user=DubfkQ8AAAAJ&cstart=100&pagesize=100&citation_for_view=DubfkQ8AAAAJ:uWiczbcajpAC,"G Baskaran, A Bargiela, R Qu","ECMS, 226-234, 2014"
Investigating a hybrid metaheuristic for job shop rescheduling,https://scholar.google.com/citations?view_op=view_citation&hl=en&user=DubfkQ8AAAAJ&cstart=100&pagesize=100&citation_for_view=DubfkQ8AAAAJ:TFP_iSt0sucC,"S Abdullah, U Aickelin, E Burke, AM Din, R Qu","Australian Conference on Artificial Life, 357-368, 2007"
A deep reinforcement learning based hyper-heuristic for combinatorial optimisation with uncertainties,https://scholar.google.com/citations?view_op=view_citation&hl=en&user=DubfkQ8AAAAJ&cstart=100&pagesize=100&citation_for_view=DubfkQ8AAAAJ:1taIhTC69MYC,"Y Zhang, R Bai, R Qu, C Tu, J Jin","European Journal of Operational Research, 2021"
A Compromise Based Fuzzy Goal Programming Approach With Satisfaction Function For Multi-Objective Portfolio Optimisation,https://scholar.google.com/citations?view_op=view_citation&hl=en&user=DubfkQ8AAAAJ&cstart=100&pagesize=100&citation_for_view=DubfkQ8AAAAJ:lmc2jWPfTJgC,"F He, R Qu, R John","29th European Conference on Modelling and Simulation (ECMS 2015), 418-424, 2015"
The incorporation of late acceptance hill climbing strategy in the deterministic optimization of examination scheduling framework: A comparison with the traditional hill climbing,https://scholar.google.com/citations?view_op=view_citation&hl=en&user=DubfkQ8AAAAJ&cstart=100&pagesize=100&citation_for_view=DubfkQ8AAAAJ:kuK5TVdYjLIC,"SKNA Rahim, A Bargiela, R Qu","2014 IEEE Conference on Systems, Process and Control (ICSPC 2014), 147-152, 2014"
Analysis Of Backtracking In University Examination Scheduling.,https://scholar.google.com/citations?view_op=view_citation&hl=en&user=DubfkQ8AAAAJ&cstart=100&pagesize=100&citation_for_view=DubfkQ8AAAAJ:_Ybze24A_UAC,"SKNA Rahim, A Bargiela, R Qu","ECMS, 782-787, 2013"
An adaptive tie breaking and hybridisation hyper-heuristic for exam timetabling problems,https://scholar.google.com/citations?view_op=view_citation&hl=en&user=DubfkQ8AAAAJ&cstart=100&pagesize=100&citation_for_view=DubfkQ8AAAAJ:NhqRSupF_l8C,"EK Burke, R Qu, A Soghier","Nature Inspired Cooperative Strategies for Optimization (NICSO 2011), 205-223, 2011"
Adaptive Construction of Nurse Schedules: A Shift Sequence Based Approach and New Benchmarks,https://scholar.google.com/citations?view_op=view_citation&hl=en&user=DubfkQ8AAAAJ&cstart=100&pagesize=100&citation_for_view=DubfkQ8AAAAJ:eflP2zaiRacC,"P Brucker, E Burke, T Curtois, R Qu, GV Berghe",
"A Case Based Heuristic Selection Investigation of Hill Climbing, Simulated Annealing and Tabu Search for Exam Timetabling Problems",https://scholar.google.com/citations?view_op=view_citation&hl=en&user=DubfkQ8AAAAJ&cstart=100&pagesize=100&citation_for_view=DubfkQ8AAAAJ:hFOr9nPyWt4C,"EK Burke, AJ Eckersley, B McCollum, S Petrovic, R Qu","PATAT2002, 408-410, 2002"
Structured Cases in CBR—Re-using and Adapting Cases for Time-tabling Problems,https://scholar.google.com/citations?view_op=view_citation&hl=en&user=DubfkQ8AAAAJ&cstart=100&pagesize=100&citation_for_view=DubfkQ8AAAAJ:1yQoGdGgb4wC,"EK Burke, B MacCarthy, S Petrovic, R Qu","Research and Development in Intelligent Systems XVI, 191-203, 2000"
Vehicle routing problems,https://scholar.google.com/citations?view_op=view_citation&hl=en&user=DubfkQ8AAAAJ&cstart=100&pagesize=100&citation_for_view=DubfkQ8AAAAJ:HeT0ZceujKMC,"N Pillay, R Qu","Hyper-Heuristics: Theory and Applications, 51-60, 2018"
Selection constructive hyper-heuristics,https://scholar.google.com/citations?view_op=view_citation&hl=en&user=DubfkQ8AAAAJ&cstart=100&pagesize=100&citation_for_view=DubfkQ8AAAAJ:3htObqc8RwsC,"N Pillay, R Qu","Hyper-Heuristics: Theory and Applications, 7-16, 2018"
Variable-depth adaptive large meighbourhood search algorithm for Open Periodic Vehicle Routing Problem with time windows,https://scholar.google.com/citations?view_op=view_citation&hl=en&user=DubfkQ8AAAAJ&cstart=100&pagesize=100&citation_for_view=DubfkQ8AAAAJ:bz8QjSJIRt4C,"B Chen, R Qu, H Ishibuchi","The 19th International Conference on Harbor, Maritime & Multimodal Logistics …, 2017"
Information core optimization using Evolutionary Algorithm with Elite Population in recommender systems,https://scholar.google.com/citations?view_op=view_citation&hl=en&user=DubfkQ8AAAAJ&cstart=100&pagesize=100&citation_for_view=DubfkQ8AAAAJ:YohjEiUPhakC,"C Mu, H Cheng, W Feng, Y Liu, R Qu","2017 IEEE Congress on Evolutionary Computation (CEC), 1143-1149, 2017"
Solving the randomly generated university examination timetabling problem through domain transformation approach (dta),https://scholar.google.com/citations?view_op=view_citation&hl=en&user=DubfkQ8AAAAJ&cstart=100&pagesize=100&citation_for_view=DubfkQ8AAAAJ:Ug5p-4gJ2f0C,"SKN Abdul Rahim, A Bargiela, R Qu","Proceedings of the International Conference on Computing, Mathematics and …, 2017"
Hybridising local search with Branch-and-Bound for constrained portfolio selection problems,https://scholar.google.com/citations?view_op=view_citation&hl=en&user=DubfkQ8AAAAJ&cstart=100&pagesize=100&citation_for_view=DubfkQ8AAAAJ:SpbeaW3--B0C,"F He, R Qu","The 30th EUROPEAN Conference on Modelling and Simulation (ECMS'16), 2016"
Seeing the bigger picture: Domain transformation approach to the nurse scheduling problem,https://scholar.google.com/citations?view_op=view_citation&hl=en&user=DubfkQ8AAAAJ&cstart=100&pagesize=100&citation_for_view=DubfkQ8AAAAJ:g3aElNc5_aQC,"G Baskaran, A Bargiela, R Qu","Australian Journal of Basic and Applied Sciences (AENSI Journal) 8 (24), 308-320, 2014"
Evolutionary Ruin and Stochastic Recreate: A Case Study on the Exam Timetabling Problem,https://scholar.google.com/citations?view_op=view_citation&hl=en&user=DubfkQ8AAAAJ&cstart=100&pagesize=100&citation_for_view=DubfkQ8AAAAJ:q3oQSFYPqjQC,"J Li, R Qu","26th European Conference on Modelling and Simulation (ECMS 2012), 2012"
Constraint-directed Local Search to Nurse Rostering Problems,https://scholar.google.com/citations?view_op=view_citation&hl=en&user=DubfkQ8AAAAJ&cstart=100&pagesize=100&citation_for_view=DubfkQ8AAAAJ:sNmaIFBj_lkC,"F He, R Qu","6th International Workshop on Local Search Techniques in Constraint …, 2009"
A multilevel cooperative search algorithm for the graph colouring problem,https://scholar.google.com/citations?view_op=view_citation&hl=en&user=DubfkQ8AAAAJ&cstart=100&pagesize=100&citation_for_view=DubfkQ8AAAAJ:WA5NYHcadZ8C,"P Prakasam, M Toulouse, GT Crainic, R Qu","LION, 2009"
Guest Editorial: Automated Machine Learning,https://scholar.google.com/citations?view_op=view_citation&hl=en&user=DubfkQ8AAAAJ&cstart=100&pagesize=100&citation_for_view=DubfkQ8AAAAJ:IaI1MmNe2tcC,"HJ Escalante, Q Yao, WW Tu, N Pillay, R Qu, Y Yu, N Houlsby","IEEE Transactions on Pattern Analysis and Machine Intelligence 43 (9), 2887-2890, 2021"
RNTS: Robust Neural Temporal Search for Time Series Classification,https://scholar.google.com/citations?view_op=view_citation&hl=en&user=DubfkQ8AAAAJ&cstart=100&pagesize=100&citation_for_view=DubfkQ8AAAAJ:FiytvqdAVhgC,"Z Xiao, X Xu, H Xing, R Qu, F Song, B Zhao","2021 International Joint Conference on Neural Networks (IJCNN), 1-8, 2021"
A general model for automated algorithm design,https://scholar.google.com/citations?view_op=view_citation&hl=en&user=DubfkQ8AAAAJ&cstart=100&pagesize=100&citation_for_view=DubfkQ8AAAAJ:j7_hQOaDUrUC,R Qu,"Automated Design of Machine Learning and Search Algorithms, 29-43, 2021"
Conclusions and future research directions,https://scholar.google.com/citations?view_op=view_citation&hl=en&user=DubfkQ8AAAAJ&cstart=100&pagesize=100&citation_for_view=DubfkQ8AAAAJ:LhH-TYMQEocC,"N Pillay, R Qu","Hyper-Heuristics: Theory and Applications, 99-101, 2018"
Theoretical aspect—a formal definition,https://scholar.google.com/citations?view_op=view_citation&hl=en&user=DubfkQ8AAAAJ&cstart=100&pagesize=100&citation_for_view=DubfkQ8AAAAJ:yMeIxYmEMEAC,"N Pillay, R Qu","Hyper-Heuristics: Theory and Applications, 37-48, 2018"
Generation Constructive Hyper-Heuristics,https://scholar.google.com/citations?view_op=view_citation&hl=en&user=DubfkQ8AAAAJ&cstart=100&pagesize=100&citation_for_view=DubfkQ8AAAAJ:KbBQZpvPDL4C,"N Pillay, R Qu","Hyper-Heuristics: Theory and Applications, 25-31, 2018"
Selection Perturbative Hyper-Heuristics,https://scholar.google.com/citations?view_op=view_citation&hl=en&user=DubfkQ8AAAAJ&cstart=100&pagesize=100&citation_for_view=DubfkQ8AAAAJ:yFnVuubrUp4C,"N Pillay, R Qu","Hyper-Heuristics: Theory and Applications, 17-23, 2018"
Towards an Efficient API for Optimisation Problems Data Avoiding the Drawback of Relying on Built-in Garbage Collectors,https://scholar.google.com/citations?view_op=view_citation&hl=en&user=DubfkQ8AAAAJ&cstart=100&pagesize=100&citation_for_view=DubfkQ8AAAAJ:XvxMoLDsR5gC,"RL Pinheiro, D Landa-Silva, R Qu, E Yanaga, A Aparecido","The 18th International Conference on Enterprise Information Systems, 2016"
A study on the effectiveness of genetic algorithm and identifying the best parameters range for slots swapping in the examination scheduling,https://scholar.google.com/citations?view_op=view_citation&hl=en&user=DubfkQ8AAAAJ&cstart=100&pagesize=100&citation_for_view=DubfkQ8AAAAJ:tzM49s52ZIMC,"S Rahim, A Bargiela, R Qu","iSMSC, 2013"
Hybrid Variable Neighborhood Approaches to Exam Timetabling,https://scholar.google.com/citations?view_op=view_citation&hl=en&user=DubfkQ8AAAAJ&cstart=100&pagesize=100&citation_for_view=DubfkQ8AAAAJ:AXPGKjj_ei8C,"EK Burke, AJ Eckersley, B McCollum, S Petrovic, R Qu","7ª Metaheuristics Internacional Conference (MIC), Montreal, Canada, 2007"
An investigation of population-based hyper-heuristics for graph colouring,https://scholar.google.com/citations?view_op=view_citation&hl=en&user=DubfkQ8AAAAJ&cstart=100&pagesize=100&citation_for_view=DubfkQ8AAAAJ:a0OBvERweLwC,"EK Burke, N Pham, R Qu","Proc. 7th Meta. Int. Conf, 2007"
Multiple-Retrieval Case-Based Reasoning for Course Timetabling Problems,https://scholar.google.com/citations?view_op=view_citation&hl=en&user=DubfkQ8AAAAJ&cstart=100&pagesize=100&citation_for_view=DubfkQ8AAAAJ:7H_MAutzIkAC,"E Burke, B MacCarthy, S Petrovic, R Qu","University of Nottingham, 2004"
A Hybrid Constraint Programming Approach to Nurse Rostering Problem,https://scholar.google.com/citations?view_op=view_citation&hl=en&user=DubfkQ8AAAAJ&cstart=100&pagesize=100&citation_for_view=DubfkQ8AAAAJ:uWQEDVKXjbEC,"F He, R Qu","AI 2008 presentation, 0"
A Graph Based Hyper-heuristic Framework: Tutorial,https://scholar.google.com/citations?view_op=view_citation&hl=en&user=DubfkQ8AAAAJ&cstart=100&pagesize=100&citation_for_view=DubfkQ8AAAAJ:g5m5HwL7SMYC,R Qu,
An ACO for energy-efficient and traffic-aware virtual machine placement in cloud computing,https://scholar.google.com/citations?view_op=view_citation&hl=en&user=DubfkQ8AAAAJ&cstart=100&pagesize=100&citation_for_view=DubfkQ8AAAAJ:kw52XkFRtyQC,"H Xing, J Zhu, R Qu, P Dai, S Luo, MA Iqbal","Swarm and Evolutionary Computation 68, 101012, 2022"
An Efficient Federated Distillation Learning System for Multi-task Time Series Classification,https://scholar.google.com/citations?view_op=view_citation&hl=en&user=DubfkQ8AAAAJ&cstart=100&pagesize=100&citation_for_view=DubfkQ8AAAAJ:WHdLCjDvYFkC,"H Xing, Z Xiao, R Qu, Z Zhu, B Zhao","arXiv preprint arXiv:2201.00011, 2021"
Automated design of search algorithms: Learning on algorithmic components,https://scholar.google.com/citations?view_op=view_citation&hl=en&user=DubfkQ8AAAAJ&cstart=100&pagesize=100&citation_for_view=DubfkQ8AAAAJ:nRpfm8aw39MC,"W Meng, R Qu","Expert Systems with Applications 185, 115493, 2021"
Adaptive Fuzzy Learning Superpixel Representation for PolSAR Image Classification,https://scholar.google.com/citations?view_op=view_citation&hl=en&user=DubfkQ8AAAAJ&cstart=100&pagesize=100&citation_for_view=DubfkQ8AAAAJ:jU7OWUQzBzMC,"Y Guo, L Jiao, R Qu, Z Sun, S Wang, S Wang, F Liu","IEEE Transactions on Geoscience and Remote Sensing 60, 2021"
Automated Design of Machine Learning and Search Algorithms,https://scholar.google.com/citations?view_op=view_citation&hl=en&user=DubfkQ8AAAAJ&cstart=100&pagesize=100&citation_for_view=DubfkQ8AAAAJ:MpfHP-DdYjUC,"N Pillay, R Qu, ( eds.)","Natural Computing Series, Springer, ISBN 978-3-030-72068-1, 2021"
Recent Developments of Automated Machine Learning and Search Techniques,https://scholar.google.com/citations?view_op=view_citation&hl=en&user=DubfkQ8AAAAJ&cstart=100&pagesize=100&citation_for_view=DubfkQ8AAAAJ:7BrZ7Jt4UNcC,R Qu,"Automated Design of Machine Learning and Search Algorithms, 1-9, 2021"
"Maslow, Meaning and Data: Applying interdisciplinary approaches to evaluating a personalised youth employment programme",https://scholar.google.com/citations?view_op=view_citation&hl=en&user=DubfkQ8AAAAJ&cstart=100&pagesize=100&citation_for_view=DubfkQ8AAAAJ:PVgj2kMGcgYC,"C Palmer, S Clancy, R Hazledine, J Atkin, R Qu","SocArXiv, 2020"
Information Retrieval for Evidence-Based Policy Making Applied to Lifelong Learning,https://scholar.google.com/citations?view_op=view_citation&hl=en&user=DubfkQ8AAAAJ&cstart=100&pagesize=100&citation_for_view=DubfkQ8AAAAJ:AHdEip9mkN0C,"J Clos, R Qu, J Atkin","International Conference on Innovative Techniques and Applications of …, 2019"
A Deep Reinforcement Learning Based Hyper-heuristic for Container Terminal Truck Routing Problem under Uncertain Service Times,https://scholar.google.com/citations?view_op=view_citation&hl=en&user=DubfkQ8AAAAJ&cstart=100&pagesize=100&citation_for_view=DubfkQ8AAAAJ:U4n9YNQMCAIC,"Y Zhang, R Bai, R Qu","MISTA 2019, 2019"
Modelling the home health care nurse scheduling problem for patients with long-term conditions in the UK,https://scholar.google.com/citations?view_op=view_citation&hl=en&user=DubfkQ8AAAAJ&cstart=100&pagesize=100&citation_for_view=DubfkQ8AAAAJ:gKiMpY-AVTkC,"F He, TJ Chaussalet, R Qu","Communications of the ECMS 33 (1), 317-323, 2019"
Iteration-related Various Learning Particle Swarm Optimization for Quay Crane Scheduling Problem,https://scholar.google.com/citations?view_op=view_citation&hl=en&user=DubfkQ8AAAAJ&cstart=100&pagesize=100&citation_for_view=DubfkQ8AAAAJ:cWzG1nlazyYC,"MZ Yu, XW Cong, B Niu, R Qu","The 13th International Conference on Bio-inspired Computing: Theories and …, 2018"
Modified Mixed-dimension Chaotic Particle Swarm Optimization for Liner Route Planning with Empty Container Repositioning,https://scholar.google.com/citations?view_op=view_citation&hl=en&user=DubfkQ8AAAAJ&cstart=100&pagesize=100&citation_for_view=DubfkQ8AAAAJ:mNrWkgRL2YcC,"MZ Yu, ZC Chen, L Chen, R Qu, B Niu","The 13th International Conference on Bio-inspired Computing: Theories and …, 2018"
Introduction to Hyper-Heuristics,https://scholar.google.com/citations?view_op=view_citation&hl=en&user=DubfkQ8AAAAJ&cstart=100&pagesize=100&citation_for_view=DubfkQ8AAAAJ:OR75R8vi5nAC,"N Pillay, R Qu","Hyper-Heuristics: Theory and Applications, 3-5, 2018"
Advances in Hyper-Heuristics,https://scholar.google.com/citations?view_op=view_citation&hl=en&user=DubfkQ8AAAAJ&cstart=100&pagesize=100&citation_for_view=DubfkQ8AAAAJ:OcBU2YAGkTUC,"N Pillay, R Qu","Hyper-Heuristics: Theory and Applications, 91-97, 2018"
Generation Perturbative Hyper-Heuristics,https://scholar.google.com/citations?view_op=view_citation&hl=en&user=DubfkQ8AAAAJ&cstart=100&pagesize=100&citation_for_view=DubfkQ8AAAAJ:ODE9OILHJdcC,"N Pillay, R Qu","Hyper-Heuristics: Theory and Applications, 33-36, 2018"
Cross-Domain Hyper-Heuristics,https://scholar.google.com/citations?view_op=view_citation&hl=en&user=DubfkQ8AAAAJ&cstart=100&pagesize=100&citation_for_view=DubfkQ8AAAAJ:bKqednn6t2AC,"N Pillay, R Qu","Hyper-Heuristics: Theory and Applications, 83-88, 2018"
Solving the randomly generated university examination timetabling problem through Domain Transformation Approach (DTA),https://scholar.google.com/citations?view_op=view_citation&hl=en&user=DubfkQ8AAAAJ&cstart=100&pagesize=100&citation_for_view=DubfkQ8AAAAJ:43bX7VzcjpAC,"SK Nor Abdul Rahim, A Bargiela, R Qu",
Hybridising Local Search With Branch-And-Bound For Constrained Portfolio Selection Problems,https://scholar.google.com/citations?view_op=view_citation&hl=en&user=DubfkQ8AAAAJ&cstart=100&pagesize=100&citation_for_view=DubfkQ8AAAAJ:4hFrxpcac9AC,"H Fang, R Qu","30th EUROPEAN CONFERENCE ON MODELLING AND SIMULATION, 2016"
An Improved MOEA/D for QoS Oriented Multimedia Multicasting with Network Coding,https://scholar.google.com/citations?view_op=view_citation&hl=en&user=DubfkQ8AAAAJ&cstart=100&pagesize=100&citation_for_view=DubfkQ8AAAAJ:M7yex6snE4oC,"Z Wang, H Xing, T Li, Y Yang, R Qu","8th International Conference on Mobile Multimedia Communications (MOBIMEDIA …, 2015"
Vehicle Routing in a Forestry Commissioning Operation using Ant Colony Optimisation,https://scholar.google.com/citations?view_op=view_citation&hl=en&user=DubfkQ8AAAAJ&cstart=100&pagesize=100&citation_for_view=DubfkQ8AAAAJ:vDijr-p_gm4C,"E Kent, JAD Atkin, R Qu","International Conference on Theory and Practice of Natural Computing, 95-106, 2014"
"Jansen, Thomas. 2013. Analyzing Evolutionary Algorithms",https://scholar.google.com/citations?view_op=view_citation&hl=en&user=DubfkQ8AAAAJ&cstart=100&pagesize=100&citation_for_view=DubfkQ8AAAAJ:wKETBy42zhYC,R Qu,"Interfaces 44 (4), 433-435, 2014"
Adaptive tie breaking and hybridisation in a graph-based hyper-heuristic for exam timetabling,https://scholar.google.com/citations?view_op=view_citation&hl=en&user=DubfkQ8AAAAJ&cstart=100&pagesize=100&citation_for_view=DubfkQ8AAAAJ:1sJd4Hv_s6UC,"E Burke, R Qu, A Soghier","Nature Inspired Cooperative Strategies for Optimization (NICSO 2011), 2011"
Hybridising ConstructiveHeuristics within Hyper-heuristic Frameworks,https://scholar.google.com/citations?view_op=view_citation&hl=en&user=DubfkQ8AAAAJ&cstart=100&pagesize=100&citation_for_view=DubfkQ8AAAAJ:SP6oXDckpogC,R Qu,"invited talk at ""Self-tuning, self-configuring and self-generating search …, 2010"
Special Issue of Artificial Intelligence Planning and Scheduling (Editorial),https://scholar.google.com/citations?view_op=view_citation&hl=en&user=DubfkQ8AAAAJ&cstart=100&pagesize=100&citation_for_view=DubfkQ8AAAAJ:F9fV5C73w3QC,"DL R. Qu, M. Fox","Journal of Scheduling 12 (3), 2009"
Editorial for AI planning and scheduling,https://scholar.google.com/citations?view_op=view_citation&hl=en&user=DubfkQ8AAAAJ&cstart=100&pagesize=100&citation_for_view=DubfkQ8AAAAJ:ns9cj8rnVeAC,"R Qu, M Fox, D Long","Journal of Scheduling 12 (3), 225, 2009"
The 2007 IEEE Computational Intelligence in Scheduling Symposium (CISsched),https://scholar.google.com/citations?view_op=view_citation&hl=en&user=DubfkQ8AAAAJ&cstart=100&pagesize=100&citation_for_view=DubfkQ8AAAAJ:WC23djZS0W4C,"H Abbass, S Abdullah, S Ahmadi, U Aickelin, H Alfares, M Ayob, R Bai, ...","IEEE, 2007"
"Hyper-heuristic: summer school, Istanbul Technology University",https://scholar.google.com/citations?view_op=view_citation&hl=en&user=DubfkQ8AAAAJ&cstart=100&pagesize=100&citation_for_view=DubfkQ8AAAAJ:RGFaLdJalmkC,"R Qu, G Ochoa",
The 25th Workshop of the UK Planning and Scheduling Special Interest Group (PlanSIG 2006),https://scholar.google.com/citations?view_op=view_citation&hl=en&user=DubfkQ8AAAAJ&cstart=100&pagesize=100&citation_for_view=DubfkQ8AAAAJ:9Nmd_mFXekcC,R Qu,"Nottingham, UK, 2006"
Proceedings of the 25th Workshop of the UK Planning and Scheduling Special Interest Group,https://scholar.google.com/citations?view_op=view_citation&hl=en&user=DubfkQ8AAAAJ&cstart=100&pagesize=100&citation_for_view=DubfkQ8AAAAJ:LdasjJ6CEcoC,R Qu,
A multi-stage hybrid tabu search algorithm for the nurse rostering problem,https://scholar.google.com/citations?view_op=view_citation&hl=en&user=DubfkQ8AAAAJ&cstart=100&pagesize=100&citation_for_view=DubfkQ8AAAAJ:dfsIfKJdRG4C,"EK Burke, T Curtois, P De Causmaecker, R Qu, G Vanden Berghe","Practice and theory of automated timetabling V, Edmund Burke, Michael A …, 2005"
University Course and School Timetabling-Knowledge Discovery in a Hyper-heuristic for Course Timetabling Using Case-Based Reasoning,https://scholar.google.com/citations?view_op=view_citation&hl=en&user=DubfkQ8AAAAJ&cstart=100&pagesize=100&citation_for_view=DubfkQ8AAAAJ:xtRiw3GOFMkC,"EK Burke, BL MacCarthy, S Petrovic, R Qu","Lecture Notes in Computer Science 2740, 276-287, 2003"
Addressing the Availability-Based Laboratory/Tutorial Timetabling,https://scholar.google.com/citations?view_op=view_citation&hl=en&user=DubfkQ8AAAAJ&cstart=200&pagesize=100&citation_for_view=DubfkQ8AAAAJ:7wO8s98CvbsC,"G Lewandowsky, MP Carrasco, MV Pato, P Cowling, G Kendall, ...","Practice and Theory of Automated Timetabling 1153 (224), 355, 2002"
International Students,https://scholar.google.com/citations?view_op=view_citation&hl=en&user=DubfkQ8AAAAJ&cstart=200&pagesize=100&citation_for_view=DubfkQ8AAAAJ:CB2v5VPnA5kC,"R Qu, MD Patel",
HARMONY SEARCH WITH NOVEL SELECTION METHODS IN MEMORY CONSIDERATION FOR NURSE ROSTERING PROBLEM,https://scholar.google.com/citations?view_op=view_citation&hl=en&user=DubfkQ8AAAAJ&cstart=200&pagesize=100&citation_for_view=DubfkQ8AAAAJ:owLR8QvbtFgC,"M Al-betar, MA Awadallah, R Qu",
Adaptive tie breaking and hybridisation in a graph-based hyper-heuristic for exam timetabling,https://scholar.google.com/citations?view_op=view_citation&hl=en&user=DubfkQ8AAAAJ&cstart=200&pagesize=100&citation_for_view=DubfkQ8AAAAJ:PYBJJbyH-FwC,"A Soghier, R Qu, E Burke",
Adaptive Fuzzy Superpixels for Polarimetric SAR Images Classification,https://scholar.google.com/citations?view_op=view_citation&hl=en&user=DubfkQ8AAAAJ&cstart=200&pagesize=100&citation_for_view=DubfkQ8AAAAJ:MhiOAD_qIWkC,"Y Guo, L Jiao, R Qu, S Wang, S Wang, F Liu, Z Sun",
IEEE Officers,https://scholar.google.com/citations?view_op=view_citation&hl=en&user=DubfkQ8AAAAJ&cstart=200&pagesize=100&citation_for_view=DubfkQ8AAAAJ:BzfGm06jWhQC,"CAC COELLO, DB FOGEL, H ABBASS, UWE AICKELIN, D ASHLOCK, ...",
A Case Based Heuristic Selection Prototype System for Exam Timetabling Problems,https://scholar.google.com/citations?view_op=view_citation&hl=en&user=DubfkQ8AAAAJ&cstart=200&pagesize=100&citation_for_view=DubfkQ8AAAAJ:zCSUwVk65WsC,"EK Burke, A Eckersley, S Petrovic, R Qu",
Welcome to New Postgraduate Research Students,https://scholar.google.com/citations?view_op=view_citation&hl=en&user=DubfkQ8AAAAJ&cstart=200&pagesize=100&citation_for_view=DubfkQ8AAAAJ:1lhNe0rCu4AC,"R Qu, PGR Director",
Towards a Better Understanding of Search Algorithms,https://scholar.google.com/citations?view_op=view_citation&hl=en&user=DubfkQ8AAAAJ&cstart=200&pagesize=100&citation_for_view=DubfkQ8AAAAJ:0CzhzZyukY4C,R Qu,"Invited talk, 0"
Some Transportation Research in ASAP,https://scholar.google.com/citations?view_op=view_citation&hl=en&user=DubfkQ8AAAAJ&cstart=200&pagesize=100&citation_for_view=DubfkQ8AAAAJ:-FonjvnnhkoC,"J Atkin, R Bai, J Castro-Gutierrez, DL Silva, G De Maere, D Karapetyan, ...",
Task Force on Hyper-heuristics,https://scholar.google.com/citations?view_op=view_citation&hl=en&user=DubfkQ8AAAAJ&cstart=200&pagesize=100&citation_for_view=DubfkQ8AAAAJ:VLnqNzywnoUC,R Qu,
Recent Research on Combinatorial Optimisation Problems,https://scholar.google.com/citations?view_op=view_citation&hl=en&user=DubfkQ8AAAAJ&cstart=200&pagesize=100&citation_for_view=DubfkQ8AAAAJ:2KloaMYe4IUC,R Qu,"Invited talk, 0"
Recent Research on Nurse Rostering,https://scholar.google.com/citations?view_op=view_citation&hl=en&user=DubfkQ8AAAAJ&cstart=200&pagesize=100&citation_for_view=DubfkQ8AAAAJ:YFjsv_pBGBYC,R Qu,"Invited talk, Atoss, Munich, Germany, 0"
